Shimmer_1B20_TimestampSync_Unix_CAL,Shimmer_1B20_GSR_Range_CAL,Shimmer_1B20_GSR_Skin_Conductance_CAL,Shimmer_1B20_GSR_Skin_Resistance_CAL,Shimmer_1B20_PPG_A13_CAL
ms,no_units,uS,kOhms,mV
1691463015634.85,1,8.130081300813,122.999999999999,728.937728937728
1691463017586.00,1,7.32855994180036,136.452455590386,701.098901098901
1691463019537.14,1,6.90482572015673,144.826247689463,677.655677655677
1691463021488.28,1,7.8441883319932,127.482915717539,668.131868131868
1691463023439.43,1,7.74208370027185,129.164193867457,693.040293040293
1691463025390.57,1,7.83908310040714,127.565939433409,690.84249084249
1691463027341.72,1,13.9551505405163,71.6581306017925,705.494505494505
1691463029292.86,1,17.39097139794,57.5011008366358,863.003663003663
1691463031244.01,0,25.5316822481001,39.1670235546038,890.84249084249
1691463033195.15,0,24.6933829023381,40.4966789667896,565.567765567765
1691463035146.30,0,24.6933829023381,40.4966789667896,565.567765567765
1691463037097.44,0,21.5953201027827,46.306329113924,550.18315018315
1691463039048.59,0,18.7159440890784,53.4303797468354,549.450549450549
1691463040999.73,0,19.2991088513476,51.8158640226629,537.728937728937
1691463042950.88,0,18.5701528985111,53.8498527968596,539.194139194139
1691463044902.02,0,17.0028975999125,58.8135048231511,536.263736263736
1691463046853.17,0,16.893554206987,59.1941747572815,530.40293040293
1691463048804.31,0,17.8047491480327,56.164790174002,530.40293040293
1691463050755.46,0,15.836568075374,63.14499424626,532.600732600732
1691463052706.60,1,14.7617771311151,67.7425211827771,557.509157509157
1691463054657.75,1,13.9857819300328,71.5011863478737,871.062271062271
1691463056608.89,1,16.3443989227961,61.1830392003748,861.538461538461
1691463058560.03,1,17.3858661663539,57.5179856115107,870.32967032967
1691463060511.18,0,27.8278934995352,35.935166994106,889.377289377289
1691463062462.32,0,27.6821023089679,36.1244239631336,574.358974358974
1691463064413.47,0,23.8186357589342,41.9839326702371,572.893772893772
1691463066364.61,0,21.3037377216481,46.940119760479,557.509157509157
1691463068315.76,0,21.0850509357972,47.4269662921348,547.985347985348
1691463070266.90,0,19.226213256064,52.0123222748815,546.520146520146
1691463072218.05,0,19.6271390301241,50.9498607242339,538.461538461538
1691463074169.19,0,18.0963315291673,55.2598187311178,539.926739926739
1691463076120.34,0,18.4972573032274,54.0620689655172,534.065934065934
1691463078071.48,0,18.0963315291673,55.2598187311178,535.531135531135
1691463080022.63,0,18.0963315291673,55.2598187311178,533.333333333333
1691463081973.77,0,20.2467515900351,49.3906390639063,534.065934065934
1691463083924.92,0,18.8252874820038,53.1200387221684,542.857142857142
1691463085876.06,0,27.463415523117,36.4120769741207,539.194139194139
1691463087827.21,0,33.6595411222276,29.7092582566323,574.358974358974
1691463089778.35,0,32.1651814189127,31.0895184135977,598.534798534798
1691463091729.50,0,28.8119840358646,34.707779886148,591.941391941391
1691463093680.64,0,27.9007890948189,35.8412802090137,578.754578754578
1691463095631.79,0,27.9007890948189,35.8412802090137,578.754578754578
1691463097582.93,0,23.4541577825159,42.6363636363636,561.172161172161
1691463099534.07,0,23.4541577825159,42.6363636363636,556.776556776556
1691463101485.22,0,23.7092923660087,42.1775557263643,553.113553113553
1691463103436.36,0,24.9849652834727,40.0240700218818,555.311355311355
1691463105387.51,0,30.4521349297468,32.8384201077199,563.369963369963
1691463107338.65,0,30.0876569533285,33.2362204724409,584.615384615384
1691463109289.80,0,27.5727589160425,36.2676801057501,583.150183150183
1691463111240.94,0,25.2765476646073,39.5623648161499,571.428571428571
1691463113192.09,0,24.7662784976217,40.3774834437086,563.369963369963
1691463115143.23,0,23.0896798060977,43.3093922651933,560.43956043956
1691463117094.38,0,24.2195615329943,41.2889390519187,553.846153846153
1691463119045.52,0,24.3653527235616,41.0418848167539,558.241758241758
1691463120996.67,0,23.4541577825159,42.6363636363636,561.172161172161
1691463122947.81,0,28.301714868879,35.3335479716677,556.776556776556
1691463124898.96,0,34.0604668962877,29.3595505617977,577.289377289377
1691463126850.10,0,33.9146757057204,29.4857603439011,599.267399267399
1691463128801.25,0,31.0717474896579,32.1835777126099,598.534798534798
1691463130752.39,0,31.3997776684343,31.8473592571096,588.278388278388
1691463132703.54,0,33.4408543363767,29.9035422343324,613.919413919413
1691463134654.68,0,34.9352140396916,28.6244131455399,596.336996336996
1691463136605.82,0,31.2904342755089,31.958648806057,602.197802197802
1691463138556.97,0,30.197000346254,33.115872057936,586.813186813186
1691463140508.11,0,28.7390884405809,34.7958148383005,582.417582417582
1691463142459.26,0,27.2811765349078,36.6553106212424,575.824175824175
1691463144410.40,0,25.7868168315929,38.7795053003533,570.69597069597
1691463146361.55,0,25.1672042716818,39.7342505430847,564.102564102564
1691463148312.69,0,24.9849652834727,40.0240700218818,561.904761904761
1691463150263.84,0,24.6569351046963,40.5565410199556,561.172161172161
1691463152214.98,0,25.5681300457419,39.1111903064861,560.43956043956
1691463154166.13,0,25.8597124268766,38.6701902748414,564.102564102564
1691463156117.27,0,25.8597124268766,38.6701902748414,564.102564102564
1691463158068.42,0,24.4382483188453,40.9194630872483,560.43956043956
1691463160019.56,0,23.855083556576,41.9197860962566,558.241758241758
1691463161970.71,0,23.3083665919486,42.9030492572322,551.648351648351
1691463163921.85,0,27.2811765349078,36.6553106212424,554.578754578754
1691463165873.00,0,34.8258706467661,28.7142857142857,571.428571428571
1691463167824.14,0,33.6959889198695,29.6771227690643,602.197802197802
1691463169775.29,0,31.7642556448526,31.4819277108433,596.336996336996
1691463171726.43,0,29.1764620122829,34.2742036227358,588.278388278388
1691463173677.57,0,27.8278934995352,35.935166994106,578.021978021977
1691463175628.72,0,25.8232646292347,38.7247706422018,572.161172161172
1691463177579.86,0,26.6615639749968,37.5071770334928,564.102564102564
1691463179531.01,0,27.1353853443405,36.852249832102,567.765567765567
1691463181482.15,0,26.3699815938621,37.9219073946095,569.963369963369
1691463183433.30,0,26.5522205820713,37.6616334934797,567.032967032967
1691463185384.44,0,25.8597124268766,38.6701902748414,567.032967032967
1691463187335.59,0,25.13075647404,39.7918781725888,564.102564102564
1691463189286.73,0,23.8186357589342,41.9839326702371,561.172161172161
1691463191237.88,0,24.6569351046963,40.5565410199556,606.593406593406
1691463193189.02,0,25.9326080221602,38.56148981026,562.637362637362
1691463195140.17,0,30.8166129061651,32.4500295683027,564.102564102564
1691463197091.31,0,32.31097260948,30.9492385786802,583.882783882783
1691463199042.46,0,28.9577752264319,34.5330396475771,589.743589743589
1691463200993.60,0,26.9531463561314,37.1014198782961,574.358974358974
1691463202944.75,0,25.5316822481001,39.1670235546038,568.498168498168
1691463204895.89,0,24.9485174858309,40.0825420014609,560.43956043956
1691463206847.04,0,23.1625754013813,43.1730920535011,559.706959706959
1691463208798.18,0,22.3607238532611,44.721271393643,549.450549450549
1691463210749.32,0,22.798097424963,43.8633093525179,548.717948717948
1691463212700.47,0,21.5953201027827,46.306329113924,547.985347985348
1691463214651.61,0,21.5953201027827,46.306329113924,547.985347985348
1691463216602.76,0,20.4654383758861,48.8628673196794,542.857142857142
1691463218553.90,0,19.845825815975,50.3884297520661,539.926739926739
1691463220505.05,0,19.2991088513476,51.8158640226629,534.065934065934
1691463222456.19,0,18.7159440890784,53.4303797468354,534.798534798534
1691463224407.34,0,20.6476773640952,48.4315975286849,531.135531135531
1691463226358.48,0,21.4859767098573,46.5419847328244,539.926739926739
1691463228309.63,0,22.9438886155304,43.5845909451946,542.857142857142
1691463230260.77,0,23.1261276037395,43.241134751773,548.717948717948
1691463232211.92,0,24.0008747471434,41.6651480637813,549.450549450549
1691463234163.06,0,23.4906055801578,42.5702094647013,552.380952380952
1691463236114.21,0,22.8709930202467,43.7235059760956,551.648351648351
1691463238065.35,0,23.0532320084558,43.3778656126482,547.252747252747
1691463240016.50,0,22.4336194485448,44.5759545085296,550.91575091575
1691463241967.64,0,21.959798079201,45.5377593360995,545.054945054945
1691463243918.79,0,21.2308421263645,47.101287553648,545.787545787545
1691463245869.93,0,20.2467515900351,49.3906390639063,539.926739926739
1691463247821.08,0,21.3401855192899,46.8599487617421,539.194139194139
1691463249772.22,0,20.0280648041842,49.9299363057324,540.65934065934
1691463251723.36,0,19.3720044466313,51.620884289746,537.728937728937
1691463253674.51,0,19.0804220654966,52.4097421203438,531.868131868131
1691463255625.65,0,18.4972573032274,54.0620689655172,534.065934065934
1691463257576.80,0,18.0234359338836,55.4833164812942,528.205128205128
1691463259527.94,0,19.9551692089005,50.1123287671232,529.670329670329
1691463261479.09,0,18.9346308749293,52.8132820019249,537.728937728937
1691463263430.23,0,22.6158584367539,44.2167606768734,532.600732600732
1691463265381.38,0,27.0989375466987,36.9018157363819,547.985347985348
1691463267332.52,0,33.2586153481675,30.0673972602739,567.032967032967
1691463269283.67,0,40.1108013048311,24.9309404815992,592.673992673992
1691463271234.81,0,41.0584440435186,24.3555259653794,620.51282051282
1691463273185.96,0,39.709875530771,25.1826525929325,624.175824175824
1691463275137.10,0,39.709875530771,25.1826525929325,624.175824175824
1691463277088.25,0,35.4454832066772,28.2123393316195,608.058608058608
1691463279039.39,0,32.8576895741074,30.4342762063227,599.267399267399
1691463280990.54,0,33.6230933245858,29.7414634146341,589.743589743589
1691463282941.68,0,33.3315109434512,30.0016402405686,591.941391941391
1691463284892.83,0,32.529659395331,30.7411764705882,591.208791208791
1691463286843.97,0,31.3997776684343,31.8473592571096,586.813186813186
1691463288795.11,0,31.3268820731507,31.9214659685863,583.150183150183
1691463290746.26,0,35.8464089807373,27.8967971530249,583.150183150183
1691463292697.40,0,37.595903267545,26.5986427532719,601.465201465201
1691463294648.55,0,36.8669473147085,27.1245674740484,608.058608058608
1691463296599.69,0,36.6847083264993,27.2593144560357,605.128205128205
1691463298550.84,0,37.7052466604705,26.521507974867,605.128205128205
1691463300501.98,0,36.2473347547974,27.5882352941176,608.058608058608
1691463302453.13,0,34.3884970750642,29.0794912559618,602.197802197802
1691463304404.27,0,32.8576895741074,30.4342762063227,594.871794871794
1691463306355.42,0,32.6754505858983,30.6040156162855,588.278388278388
1691463308306.56,0,36.5753649335738,27.3408071748878,587.545787545787
1691463310257.71,0,41.2042352340859,24.2693498452012,605.860805860805
1691463312208.85,0,40.3659358883239,24.7733634311512,621.978021978022
1691463314160.00,0,40.3294880906821,24.7957523723452,620.51282051282
1691463316111.14,0,41.4958176152205,24.098814229249,619.780219780219
1691463318062.29,0,40.6939660671003,24.5736677115987,622.710622710622
1691463320013.43,0,38.1061724345306,26.2424677187948,620.51282051282
1691463321964.58,0,37.595903267545,26.5986427532719,608.058608058608
1691463323915.72,0,36.6482605288575,27.286424664346,608.791208791208
1691463325866.86,0,37.6687988628287,26.5471698113207,603.663003663003
1691463327818.01,0,38.2155158274561,26.1673819742489,608.058608058608
1691463329769.15,0,38.2884114227397,26.117563065207,610.25641025641
1691463331720.30,0,38.871576185009,25.7257383966244,610.25641025641
1691463333671.44,0,37.8510378510378,26.4193548387096,613.186813186813
1691463335622.59,0,37.8510378510378,26.4193548387096,613.186813186813
1691463337573.73,0,41.0219962458768,24.3771657041315,603.663003663003
1691463339524.88,0,43.4275508902374,23.0268569030633,621.245421245421
1691463341476.02,0,39.7827711260547,25.1365093907466,630.76923076923
1691463343427.17,0,35.8464089807373,27.8967971530249,616.849816849816
1691463345378.31,0,36.1744391595137,27.6438287153652,590.47619047619
1691463347329.46,0,36.9033951123503,27.0977777777777,601.465201465201
1691463349280.60,0,38.434202613307,26.0184921763869,604.395604395604
1691463351231.75,0,36.2473347547974,27.5882352941176,609.523809523809
1691463353182.89,0,35.263244218468,28.3581395348837,602.197802197802
1691463355134.04,0,33.6595411222276,29.7092582566323,599.267399267399
1691463357085.18,0,30.9988518943742,32.2592592592592,590.47619047619
1691463359036.33,0,30.9624040967324,32.2972336668628,580.952380952381
1691463360987.47,0,29.7960745721939,33.5614678899082,579.487179487179
1691463362938.61,0,28.4839538570881,35.1074856046065,575.824175824175
1691463364889.76,0,28.301714868879,35.3335479716677,569.230769230769
1691463366840.90,0,27.8278934995352,35.935166994106,568.498168498168
1691463368792.05,0,26.9166985584896,37.1516587677725,567.032967032967
1691463370743.19,0,28.1559236783117,35.5165048543689,562.637362637362
1691463372694.34,0,27.5727589160425,36.2676801057501,568.498168498168
1691463374645.48,0,26.6251161773549,37.5585215605749,565.567765567765
1691463376596.63,0,25.6774734386674,38.9446415897799,561.904761904761
1691463378547.77,0,25.6774734386674,38.9446415897799,558.974358974358
1691463380498.92,0,26.0055036174439,38.4533987386124,557.509157509157
1691463382450.06,0,25.349443259891,39.4485981308411,560.43956043956
1691463384401.21,0,24.5475917117708,40.7371937639198,556.776556776556
1691463386352.35,0,24.2560093306361,41.2268970698722,553.113553113553
1691463388303.50,0,24.912069688189,40.1411850768105,552.380952380952
1691463390254.64,0,23.6728445683669,42.2424942263279,553.846153846153
1691463392205.79,0,23.5999489730832,42.3729729729729,550.91575091575
1691463394156.93,0,24.0008747471434,41.6651480637813,548.717948717948
1691463396108.08,0,24.0008747471434,41.6651480637813,548.717948717948
1691463398059.22,0,22.6523062343957,44.1456154465004,546.520146520146
1691463400010.37,0,23.2719187943068,42.9702427564604,545.787545787545
1691463401961.51,0,24.1466659377107,41.4135849056603,547.985347985348
1691463403912.65,0,23.5635011754414,42.4385150812065,552.380952380952
1691463405863.80,0,23.7092923660087,42.1775557263643,549.450549450549
1691463407814.94,0,23.235470996665,43.0376470588235,549.450549450549
1691463409766.09,0,22.4700672461866,44.5036496350365,547.985347985348
1691463411717.23,0,21.8140068886337,45.8421052631579,545.054945054945
1691463413668.38,0,21.1943943287226,47.1822871883061,542.124542124542
1691463415619.52,0,21.5953201027827,46.306329113924,540.65934065934
1691463417570.67,0,21.0121553405135,47.5915004336513,541.391941391941
1691463419521.81,0,20.7570207570207,48.1764705882353,539.926739926739
1691463421472.96,0,20.9757075428717,47.6741963509991,538.461538461538
1691463423424.10,0,23.4906055801578,42.5702094647013,539.194139194139
1691463425375.25,0,26.9166985584896,37.1516587677725,550.18315018315
1691463427326.39,0,28.52040165473,35.0626198083067,561.904761904761
1691463429277.54,0,32.4567638000473,30.8102189781021,570.69597069597
1691463431228.68,0,37.6687988628287,26.5471698113207,585.347985347985
1691463433179.83,0,41.5322654128624,24.0776656428258,607.326007326007
1691463435130.97,0,39.1996063637854,25.510460251046,622.710622710622
1691463437082.12,0,36.2108869571556,27.6160040261701,612.454212454212
1691463439033.26,0,35.6641699925281,28.0393459376596,601.465201465201
1691463440984.40,0,35.1174530279007,28.4758692267773,599.267399267399
1691463442935.55,0,32.8941373717493,30.4005540166204,597.069597069597
1691463444886.69,0,35.8099611830955,27.9251908396946,587.545787545787
1691463446837.84,0,38.1790680298142,26.1923627684964,599.267399267399
1691463448788.98,0,37.2314252911267,26.8590308370044,609.523809523809
1691463450740.13,0,37.4501120769777,26.7021897810219,605.128205128205
1691463452691.27,0,42.042534579848,23.7854356306892,607.326007326007
1691463454642.42,0,42.042534579848,23.7854356306892,607.326007326007
1691463456593.56,0,39.2360541614273,25.486762656758,613.919413919413
1691463458544.71,0,35.5183788019608,28.1544381734222,613.919413919413
1691463460495.85,0,33.9875713010041,29.4225201072386,599.267399267399
1691463462447.00,0,33.4044065387349,29.9361702127659,591.941391941391
1691463464398.14,0,31.1810908825834,32.0707188778492,589.743589743589
1691463466349.29,0,29.9054179651194,33.4387568555758,580.21978021978
1691463468300.43,0,29.5044921910593,33.8931439159975,575.091575091575
1691463470251.58,0,29.5044921910593,33.8931439159975,575.091575091575
1691463472202.72,0,27.7549979042516,36.0295469468155,568.498168498168
1691463474153.87,0,28.1559236783117,35.5165048543689,567.032967032967
1691463476105.01,0,27.2082809396242,36.7535164099129,568.498168498168
1691463478056.16,0,26.4428771891458,37.8173673328738,564.102564102564
1691463480007.30,0,25.7868168315929,38.7795053003533,561.904761904761
1691463481958.44,0,25.1672042716818,39.7342505430847,558.974358974358
1691463483909.59,0,24.6569351046963,40.5565410199556,556.776556776556
1691463485860.73,0,24.2560093306361,41.2268970698722,553.846153846153
1691463487811.88,0,23.855083556576,41.9197860962566,552.380952380952
1691463489763.02,0,23.9279791518597,41.7920792079208,551.648351648351
1691463491714.17,0,25.0943086763982,39.8496732026143,550.91575091575
1691463493665.31,0,24.292457128278,41.165041260315,556.043956043956
1691463495616.46,0,23.6728445683669,42.2424942263279,553.113553113553
1691463497567.60,0,23.2719187943068,42.9702427564604,550.18315018315
1691463499518.75,0,22.8709930202467,43.7235059760956,548.717948717948
1691463501469.89,0,23.4906055801578,42.5702094647013,546.520146520146
1691463503421.04,0,23.8915313542179,41.8558352402746,550.18315018315
1691463505372.18,0,23.1990231990231,43.1052631578947,551.648351648351
1691463507323.33,0,24.073770342427,41.5389856169568,547.985347985348
1691463509274.47,0,24.4382483188453,40.9194630872483,552.380952380952
1691463511225.62,0,23.5635011754414,42.4385150812065,553.113553113553
1691463513176.76,0,23.5270533777996,42.5042602633617,550.18315018315
1691463515127.91,0,23.5270533777996,42.5042602633617,550.18315018315
1691463517079.05,0,22.6887540320376,44.0746987951807,548.717948717948
1691463519030.19,0,22.3242760556193,44.7942857142857,546.520146520146
1691463520981.34,0,21.959798079201,45.5377593360995,544.322344322344
1691463522932.48,0,21.6317679004246,46.2283066554338,543.589743589743
1691463524883.63,0,21.3401855192899,46.8599487617421,542.857142857142
1691463526834.77,0,21.0850509357972,47.4269662921348,540.65934065934
1691463528785.92,0,20.9392597452298,47.7571801566579,540.65934065934
1691463530737.06,0,21.0486031381553,47.5090909090909,539.926739926739
1691463532688.21,0,20.8299163523044,48.007874015748,539.926739926739
1691463534639.35,0,20.6476773640952,48.4315975286849,539.194139194139
1691463536590.50,0,20.3925427806024,49.0375335120643,536.996336996336
1691463538541.64,0,20.3196471853188,49.2134529147982,536.996336996336
1691463540492.79,0,20.1009603994678,49.7488667271078,536.996336996336
1691463542443.93,0,19.845825815975,50.3884297520661,534.798534798534
1691463544395.08,0,20.1374081971096,49.6588235294117,535.531135531135
1691463546346.22,0,23.9644269495015,41.7285171102661,535.531135531135
1691463548297.37,0,25.8597124268766,38.6701902748414,552.380952380952
1691463550248.51,0,33.1128241576002,30.1997798569069,560.43956043956
1691463552199.66,0,42.2247735680571,23.6827794561933,589.743589743589
1691463554150.80,0,46.4891658921509,21.5103880831046,627.106227106227
1691463556101.94,0,48.5302425600933,20.6057078482914,643.223443223443
1691463558053.09,0,47.5461520237639,21.0321962437715,652.747252747252
1691463560004.23,0,48.5302425600933,20.6057078482914,648.351648351648
1691463561955.38,0,45.1041495817615,22.170909090909,650.54945054945
1691463563906.52,0,44.156506843074,22.6467189434585,637.362637362637
1691463565857.67,0,39.49118874492,25.3221042916474,632.967032967032
1691463567808.81,0,40.2201446977566,24.8631626642501,615.384615384615
1691463569759.96,0,38.3613070180234,26.0679334916864,619.780219780219
1691463571711.10,0,38.6164416015162,25.8957055214723,609.523809523809
1691463573662.25,0,36.2108869571556,27.6160040261701,612.454212454212
1691463575613.39,0,36.2108869571556,27.6160040261701,612.454212454212
1691463577564.54,0,37.0491863029176,26.9911460895228,606.593406593406
1691463579515.68,0,37.4136642793359,26.7282026302971,605.860805860805
1691463581466.83,0,38.434202613307,26.0184921763869,605.860805860805
1691463583417.97,0,38.9080239826508,25.7016393442622,610.98901098901
1691463585369.12,0,41.2406830317278,24.2479010163499,613.186813186813
1691463587320.26,0,39.0538151732181,25.605692953803,621.245421245421
1691463589271.41,0,39.9650101142638,25.0218878248974,616.117216117216
1691463591222.55,0,37.4136642793359,26.7282026302971,616.117216117216
1691463593173.70,0,40.2201446977566,24.8631626642501,606.593406593406
1691463595124.84,0,38.2155158274561,26.1673819742489,619.047619047619
1691463597075.98,0,36.3931259453647,27.4777165748622,608.791208791208
1691463599027.13,0,36.3202303500811,27.5328650275965,602.197802197802
1691463600978.27,0,33.9875713010041,29.4225201072386,601.465201465201
1691463602929.42,0,34.4613926703478,29.0179799048122,591.941391941391
1691463604880.56,0,32.7118983835401,30.5699164345403,594.871794871794
1691463606831.71,0,31.1810908825834,32.0707188778492,586.080586080586
1691463608782.85,0,30.3792393344632,32.9172165566886,580.952380952381
1691463610734.00,0,29.9783135604031,33.3574468085106,578.021978021977
1691463612685.14,0,31.253986477867,31.9959183673469,575.824175824175
1691463614636.29,0,31.253986477867,31.9959183673469,580.952380952381
1691463616587.43,0,30.0512091556867,33.2765312310491,580.952380952381
1691463618538.58,0,31.1810908825834,32.0707188778492,577.289377289377
1691463620489.72,0,32.8576895741074,30.4342762063227,581.684981684981
1691463622440.87,0,32.3838682047637,30.8795723128868,587.545787545787
1691463624392.01,0,31.4362254660762,31.8104347826087,586.080586080586
1691463626343.16,0,30.197000346254,33.115872057936,581.684981684981
1691463628294.30,0,29.3222532028502,34.1037911746426,578.021978021977
1691463630245.45,0,28.6297450476554,34.928707829408,573.626373626373
1691463632196.59,0,27.8278934995352,35.935166994106,570.69597069597
1691463634147.73,0,27.244728737266,36.7043478260869,567.765567765567
1691463636098.88,0,27.244728737266,36.7043478260869,567.765567765567
1691463638050.02,0,26.5886683797131,37.6100068540095,569.963369963369
1691463640001.17,0,28.6297450476554,34.928707829408,562.637362637362
1691463641952.31,0,28.7755362382228,34.751741608613,571.428571428571
1691463643903.46,0,28.083028083028,35.6086956521739,571.428571428571
1691463645854.60,0,27.7549979042516,36.0295469468155,568.498168498168
1691463647805.75,0,26.9166985584896,37.1516587677725,567.032967032967
1691463649756.89,0,26.2241904032948,38.1327310632383,562.637362637362
1691463651708.04,0,26.406429391504,37.8695652173913,561.904761904761
1691463653659.18,0,29.5409399887011,33.8513263417643,561.904761904761
1691463655610.33,0,34.2791536821387,29.1722488038277,575.824175824175
1691463657561.47,0,41.3500264246532,24.1837814014984,594.871794871794
1691463659512.62,0,44.5209848194922,22.4613180515759,621.978021978022
1691463661463.76,0,43.4275508902374,23.0268569030633,636.630036630036
1691463663414.91,0,39.5276365425619,25.2987551867219,629.304029304029
1691463665366.05,0,40.6939660671003,24.5736677115987,616.117216117216
1691463667317.20,0,39.5640843402037,25.2754491017964,619.047619047619
1691463669268.34,0,37.3407686840522,26.7803806734992,615.384615384615
1691463671219.48,0,39.8921145189801,25.0676107811786,605.860805860805
1691463673170.63,0,39.1267107685018,25.5579878900791,616.849816849816
1691463675121.77,0,38.3977548156652,26.0431893687707,613.919413919413
1691463677072.92,0,37.4501120769777,26.7021897810219,610.25641025641
1691463679024.06,0,43.7555810690139,22.8542274052478,608.058608058608
1691463680975.21,0,49.4778852987808,20.2110497237569,632.967032967032
1691463682926.35,0,48.9311683341534,20.4368715083798,656.410256410256
1691463684877.50,0,47.1452262497038,21.2110552763819,652.747252747252
1691463686828.64,0,45.8695533322399,21.8009535160905,646.886446886446
1691463688779.79,0,43.6462376760884,22.9114822546972,639.560439560439
1691463690730.93,0,43.5368942831629,22.9690246965257,632.967032967032
1691463692682.08,0,43.719133271372,22.8732805335556,630.76923076923
1691463694633.22,0,43.719133271372,22.8732805335556,630.76923076923
1691463696584.37,0,41.3500264246532,24.1837814014984,622.710622710622
1691463698535.51,0,41.7145044010715,23.9724770642201,623.443223443223
1691463700486.66,0,40.9126528529513,24.4423162583518,624.175824175824
1691463702437.80,0,39.8921145189801,25.0676107811786,621.245421245421
1691463704388.95,0,39.5640843402037,25.2754491017964,617.582417582417
1691463706340.09,0,39.709875530771,25.1826525929325,616.117216117216
1691463708291.23,0,39.0538151732181,25.605692953803,617.582417582417
1691463710242.38,0,38.7986805897253,25.7740723344293,613.186813186813
1691463712193.52,0,39.1631585661436,25.5342019543973,613.186813186813
1691463714144.67,0,40.548174876533,24.6620224719101,613.919413919413
1691463716095.81,0,41.1677874364441,24.2908366533864,619.780219780219
1691463718046.96,0,40.7304138647422,24.5516778523489,621.245421245421
1691463719998.10,0,39.0902629708599,25.5818181818181,620.51282051282
1691463721949.25,0,38.5070982085907,25.9692380501656,613.186813186813
1691463723900.39,0,46.6714048803601,21.4263959390862,612.454212454212
1691463725851.54,0,42.7350427350427,23.4,643.223443223443
1691463727802.68,0,47.2181218449875,21.1783095329988,628.571428571428
1691463729753.83,0,46.9265394638528,21.3099029126213,646.153846153846
1691463731704.97,0,47.1816740473456,21.1946697566628,646.153846153846
1691463733656.12,0,46.0882401180908,21.6975088967971,646.886446886446
1691463735607.26,0,44.776119402985,22.3333333333333,641.758241758241
1691463737558.41,0,44.8125672006268,22.3151687677917,635.164835164835
1691463739509.55,0,43.9013722595812,22.7783312577833,637.362637362637
1691463741460.70,0,42.9172817232518,23.3006369426751,633.699633699633
1691463743411.84,0,40.766861662384,24.5297273133661,630.03663003663
1691463745362.99,0,38.871576185009,25.7257383966244,620.51282051282
1691463747314.13,0,37.377216481694,26.754266211604,613.186813186813
1691463749265.27,0,36.0650957665883,27.7276402223345,606.593406593406
1691463751216.42,0,34.8623184444079,28.6842655514898,601.465201465201
1691463753167.56,0,34.0240190986459,29.3910016068559,597.069597069597
1691463755118.71,0,34.0240190986459,29.3910016068559,597.069597069597
1691463757069.85,0,32.529659395331,30.7411764705882,589.743589743589
1691463759021.00,0,31.9100468354199,31.3380925185608,586.813186813186
1691463760972.14,0,31.3268820731507,31.9214659685863,584.615384615384
1691463762923.29,0,30.9624040967324,32.2972336668628,581.684981684981
1691463764874.43,0,30.9259562990906,32.3352975839717,580.952380952381
1691463766825.58,0,30.5614783226723,32.7209302325581,580.952380952381
1691463768776.72,0,30.1605525486122,33.1558912386706,579.487179487179
1691463770727.87,0,29.7960745721939,33.5614678899082,577.289377289377
1691463772679.01,0,29.4680443934175,33.9350649350649,575.824175824175
1691463774630.16,0,29.8689701674776,33.4795607077486,574.358974358974
1691463776581.30,0,29.8325223698358,33.5204642638973,576.556776556776
1691463778532.45,0,29.3951487981338,34.0192188468691,575.824175824175
1691463780483.59,0,29.140014214641,34.3170731707317,574.358974358974
1691463782434.74,0,28.8119840358646,34.707779886148,572.893772893772
1691463784385.88,0,30.9988518943742,32.2592592592592,572.161172161172
1691463786337.02,0,29.5409399887011,33.8513263417643,580.952380952381
1691463788288.17,0,28.9213274287901,34.5765595463138,575.091575091575
1691463790239.31,0,29.4680443934175,33.9350649350649,572.161172161172
1691463792190.46,0,37.7416944581123,26.4958957025591,577.289377289377
1691463794141.60,0,44.9583583911941,22.2428050263477,609.523809523809
1691463796092.75,0,49.0405117270788,20.391304347826,640.29304029304
1691463798043.89,0,46.5620614874346,21.4767123287671,654.945054945055
1691463799995.04,0,44.3751936289249,22.5351129363449,643.956043956043
1691463801946.18,0,40.4388314836076,24.7287066246056,635.164835164835
1691463803897.33,0,43.0630729138191,23.2217520101565,620.51282051282
1691463805848.47,0,40.3659358883239,24.7733634311512,628.571428571428
1691463807799.62,0,37.9603812439633,26.3432549207873,619.780219780219
1691463809750.76,0,38.3977548156652,26.0431893687707,608.791208791208
1691463811701.91,0,38.5070982085907,25.9692380501656,611.721611721611
1691463813653.05,0,40.1108013048311,24.9309404815992,610.98901098901
1691463815604.20,0,40.1108013048311,24.9309404815992,610.98901098901
1691463817555.34,0,47.2181218449875,21.1783095329988,641.758241758241
1691463819506.49,0,47.3274652379129,21.1293800539083,647.619047619047
1691463821457.63,0,46.0153445228072,21.7318811881188,647.619047619047
1691463823408.77,0,45.6144187487471,21.9228925289652,641.758241758241
1691463825359.92,0,42.3341169609826,23.6216099870856,639.560439560439
1691463827311.06,0,44.156506843074,22.6467189434585,627.838827838827
1691463829262.21,0,47.5825998214057,21.0160857908847,636.630036630036
1691463831213.35,0,50.279736846901,19.8887277999275,649.816849816849
1691463833164.50,0,50.7535582162447,19.7030520646319,659.340659340659
1691463835115.64,0,47.5097042261221,21.04833141542,660.80586080586
1691463837066.79,0,48.3115557742423,20.6989815164089,647.619047619047
1691463839017.93,0,52.6852914912616,18.9806295399515,650.54945054945
1691463840969.08,0,59.2458950667905,16.8788065210704,670.32967032967
1691463842920.22,0,56.5123102436535,17.6952595936794,695.238095238095
1691463844871.37,0,55.564667504966,17.9970482125287,684.981684981684
1691463846822.51,0,52.6852914912616,18.9806295399515,680.58608058608
1691463848773.66,0,49.222750715288,20.3158089596445,669.597069597069
1691463850724.80,0,49.6601242869899,20.1368807339449,656.410256410256
1691463852675.95,0,50.3526324421846,19.8599348534202,658.608058608058
1691463854627.09,0,52.4301569077688,19.0729927007299,660.07326007326
1691463856578.24,0,53.0862172653217,18.83728115345,668.864468864468
1691463858529.38,0,52.2114701219178,19.1528795811518,671.062271062271
1691463860480.53,0,54.0338600040092,18.5069139966273,673.260073260073
1691463862431.67,0,60.3393289960454,16.5729386892177,676.923076923076
1691463864382.81,0,64.1298999507954,15.5933503836317,701.098901098901
1691463866333.96,0,62.9635704262569,15.8821997105644,720.14652014652
1691463868285.10,0,55.2001895285477,18.1158798283261,745.054945054945
1691463870236.25,0,59.7561642337761,16.7346752058554,683.516483516483
1691463872187.39,0,60.4851201866127,16.5329918650195,698.168498168498
1691463874138.54,0,62.307510068704,16.0494296577946,701.098901098901
1691463876089.68,0,62.307510068704,16.0494296577946,701.098901098901
1691463878040.83,0,61.5056585205838,16.2586666666666,712.087912087912
1691463879991.97,0,59.0272082809396,16.9413399197283,704.029304029304
1691463881943.12,0,56.5487580412953,17.6838543345149,695.238095238095
1691463883894.26,0,55.8926976837424,17.8914248451255,684.249084249084
1691463885845.41,0,55.4917719096823,18.0206896551724,681.318681318681
1691463887796.55,0,57.3870573870573,17.4255319148936,679.853479853479
1691463889747.70,0,57.3506095894155,17.4366062917063,688.644688644688
1691463891698.84,0,56.621653636579,17.6610878661087,687.912087912087
1691463893649.99,0,56.5487580412953,17.6838543345149,684.249084249084
1691463895601.13,0,56.5123102436535,17.6952595936794,684.981684981684
1691463897552.28,0,54.7263681592039,18.2727272727272,684.249084249084
1691463899503.42,0,54.2160989922183,18.4447058823529,676.923076923076
1691463901454.56,0,52.8675304794707,18.9152016546018,675.457875457875
1691463903405.71,0,53.2684562535308,18.7728361272665,676.923076923076
1691463905356.85,0,60.3757767936872,16.5629338967703,671.794871794871
1691463907308.00,0,63.6196307838098,15.7184187911773,701.098901098901
1691463909259.14,0,61.1047327465237,16.3653444676409,714.285714285714
1691463911210.29,0,60.4851201866127,16.5329918650195,703.296703296703
1691463913161.43,0,60.3393289960454,16.5729386892177,700.3663003663
1691463915112.58,0,60.9953893535983,16.3946818046011,699.633699633699
1691463917063.72,0,61.1047327465237,16.3653444676409,702.564102564102
1691463919014.87,0,57.3506095894155,17.4366062917063,702.564102564102
1691463920966.01,0,56.6581014342208,17.6497266001929,687.179487179487
1691463922917.16,0,55.7469064931751,17.9382151029748,684.249084249084
1691463924868.30,0,59.0636560785814,16.9308855291576,680.58608058608
1691463926819.45,0,59.1001038762232,16.9204440333025,695.970695970695
1691463928770.59,0,59.9019554243434,16.6939458472771,706.227106227106
1691463930721.74,0,71.7110418602956,13.9448538754764,700.3663003663
1691463932672.88,0,75.1371348386273,13.3089983022071,747.252747252747
1691463934624.03,0,75.1371348386273,13.3089983022071,747.252747252747
1691463936575.17,0,71.20077269331,14.0447914000511,751.648351648351
1691463938526.31,0,71.1643248956681,14.0519846350832,743.589743589743
1691463940477.46,0,72.877371384834,13.721680420105,744.322344322344
1691463942428.60,0,73.6063273376706,13.5857885615251,750.91575091575
1691463944379.75,0,71.4194594791609,14.0017861699413,750.18315018315
1691463946330.89,0,69.9979953711297,14.2861234053631,743.589743589743
1691463948282.04,0,67.5195451314854,14.8105263157894,736.263736263736
1691463950233.18,0,66.3896634045887,15.0625857809497,728.205128205128
1691463952184.33,0,66.6812457857233,14.996720415414,723.076923076923
1691463954135.47,0,69.6335173947114,14.3609002878827,724.542124542124
1691463956086.62,0,68.1391576913964,14.6758491575287,735.531135531135
1691463958037.76,0,69.0139048348003,14.4898336414048,736.263736263736
1691463959988.91,0,70.5447123357571,14.1754068716094,732.600732600732
1691463961940.05,0,71.4559072768028,13.9946442234123,735.531135531135
1691463963891.20,0,72.257758824923,13.839344262295,744.322344322344
1691463965842.34,0,72.9502669801177,13.7079690232325,747.985347985348
1691463967793.49,0,75.2464782315528,13.2896585129571,750.91575091575
1691463969744.63,0,74.772656862209,13.3738727760175,767.032967032967
1691463971695.78,0,74.99134364806,13.3348724179829,756.043956043956
1691463973646.92,0,72.1848632296393,13.85331986872,758.241758241758
1691463975598.06,0,71.8568330508628,13.9165609941668,747.985347985348
1691463977549.21,0,70.2531299546225,14.2342412451361,745.787545787545
1691463979500.35,0,69.8522041805623,14.3159405165666,738.461538461538
1691463981451.50,0,69.1232482277258,14.4669127339836,736.996336996336
1691463983402.64,0,68.5765312630984,14.5822482062184,734.065934065934
1691463985353.79,0,68.3942922748892,14.6211031175059,731.868131868131
1691463987304.93,0,69.4512784065022,14.3985830490684,734.065934065934
1691463989256.08,0,70.5082645381152,14.182734556733,736.263736263736
1691463991207.22,0,71.2372204909518,14.0376055257099,741.391941391941
1691463993158.37,0,74.99134364806,13.3348724179829,745.787545787545
1691463995109.51,0,74.99134364806,13.3348724179829,745.787545787545
1691463997060.66,0,78.2351976381827,12.7819706498951,771.428571428571
1691463999011.80,0,75.9025385891057,13.1747899159663,769.963369963369
1691464000962.95,0,74.1165965046562,13.4922547332185,762.637362637362
1691464002914.09,0,66.3167678093051,15.0791426215993,750.91575091575
1691464004865.24,0,71.4923550744446,13.9875095590109,725.274725274725
1691464006816.38,0,70.7998469192499,14.1243243243243,744.322344322344
1691464008767.53,0,68.0662620961128,14.6915662650602,740.65934065934
1691464010718.67,0,65.4420206659012,15.2807017543859,729.670329670329
1691464012669.82,0,67.0092759644998,14.9233070437856,719.413919413919
1691464014620.96,0,69.9615475734878,14.293566032821,726.739926739926
1691464016572.10,0,67.6653363220527,14.7786156746566,736.996336996336
1691464018523.25,0,64.858855903632,15.4180949704973,727.472527472527
1691464020474.39,0,62.9271226286151,15.8913987836663,716.483516483516
1691464022425.54,0,58.6991781021631,17.0360136603539,707.692307692307
1691464024376.68,0,59.1729994715069,16.899599630428,692.307692307692
1691464026327.83,0,55.127293933264,18.1398347107438,691.575091575091
1691464028278.97,0,58.516939113954,17.0890688259109,677.655677655677
1691464030230.12,0,62.526196854555,15.9932964150393,692.307692307692
1691464032181.26,0,66.4990067975142,15.0378185804329,709.157509157509
1691464034132.41,0,69.5241740017859,14.3834862385321,723.076923076923
1691464036083.55,0,70.8362947168917,14.1170568561872,736.263736263736
1691464038034.70,0,74.6633134692836,13.3934586282645,742.124542124542
1691464039985.84,0,75.6838518032547,13.2128581748133,756.043956043956
1691464041936.99,0,76.0847775773148,13.1432335329341,760.43956043956
1691464043888.13,0,74.371731088149,13.4459691252144,761.904761904761
1691464045839.28,0,72.4399978131321,13.8045283018867,753.113553113553
1691464047790.42,0,70.1802343593388,14.249026226954,747.985347985348
1691464049741.57,0,64.2756911413627,15.5579812872129,736.263736263736
1691464051692.71,0,66.6083501904397,15.0131326949384,714.285714285714
1691464053643.85,0,70.4718167404734,14.1900698215671,724.542124542124
1691464055595.00,0,70.4718167404734,14.1900698215671,724.542124542124
1691464057546.14,0,71.0185337051008,14.0808314087759,749.450549450549
1691464059497.29,0,69.9979953711297,14.2861234053631,742.857142857142
1691464061448.43,0,68.7952180489493,14.5358940397351,737.728937728937
1691464063399.58,0,70.143786561697,14.2564302416212,733.333333333333
1691464065350.72,0,74.371731088149,13.4459691252144,740.65934065934
1691464067301.87,0,74.0437009093725,13.5055377799655,756.776556776556
1691464069253.01,0,76.267016565524,13.1118279569892,756.043956043956
1691464071204.16,0,76.267016565524,13.1118279569892,756.043956043956
1691464073155.30,0,72.8409235871922,13.7285464098073,756.043956043956
1691464075106.45,0,70.6905035263244,14.1461716937355,753.846153846153
1691464077057.59,0,70.4353689428316,14.1974126778783,745.054945054945
1691464079008.74,0,67.9204709055455,14.7231016903675,742.857142857142
1691464080959.88,0,66.7905891786488,14.9721691678035,734.798534798534
1691464082911.03,0,65.5878118564685,15.2467352042233,728.937728937728
1691464084862.17,0,66.6447979880815,15.0049220672682,724.542124542124
1691464086813.32,0,71.9661764437883,13.8954165611547,732.600732600732
1691464088764.46,0,74.7362090645672,13.3803950256035,756.043956043956
1691464090715.60,0,73.9708053140888,13.5188470066518,764.102564102564
1691464092666.75,0,74.1165965046562,13.4922547332185,761.904761904761
1691464094617.89,0,71.820385253221,13.9236234458259,761.904761904761
1691464096569.04,0,68.1027098937546,14.6837035054856,753.113553113553
1691464098520.18,0,67.5559929291272,14.8025357431885,739.926739926739
1691464100471.33,0,67.3737539409181,14.8425750608601,738.461538461538
1691464102422.47,0,70.1073387640551,14.2638419547699,739.194139194139
1691464104373.62,0,70.9091903121753,14.1025443330763,749.450549450549
1691464106324.76,0,70.4353689428316,14.1974126778783,753.846153846153
1691464108275.91,0,69.7428607876368,14.3383851580872,750.91575091575
1691464110227.05,0,72.5857890036994,13.7768014059753,750.91575091575
1691464112178.20,0,66.8634847739325,14.9558462796402,769.963369963369
1691464114129.34,0,72.1848632296393,13.85331986872,732.600732600732
1691464116080.49,0,72.1848632296393,13.85331986872,732.600732600732
1691464118031.63,0,80.6772000801851,12.3950756720126,780.21978021978
1691464119982.78,0,76.9595247207187,12.9938432394032,793.406593406593
1691464121933.92,0,72.1119676343557,13.8673237300985,776.556776556776
1691464123885.07,0,67.2279627503508,14.8747628083491,756.776556776556
1691464125836.21,0,64.5308257248555,15.4964699237503,732.600732600732
1691464127787.35,0,68.2120532866801,14.6601656425327,723.809523809523
1691464129738.50,0,72.8044757895504,13.7354192740926,742.124542124542
1691464131689.64,0,70.3260255499061,14.2194869137082,757.509157509157
1691464133640.79,0,66.8634847739325,14.9558462796402,745.054945054945
1691464135591.93,0,65.2233338800502,15.3319362950544,731.868131868131
1691464137543.08,0,63.3280484026752,15.7907913669064,723.809523809523
1691464139494.22,0,61.1776283418074,16.3458445040214,717.216117216117
1691464141445.37,0,58.735625899805,17.0254421346571,706.959706959706
1691464143396.51,0,57.5692963752665,17.3703703703703,697.435897435897
1691464145347.66,0,55.7469064931751,17.9382151029748,692.307692307692
1691464147298.80,0,55.5282197073241,18.0088611749261,682.783882783882
1691464149249.95,0,59.5374774479252,16.7961432506887,684.981684981684
1691464151201.09,0,62.3439578663459,16.0400467699503,701.831501831501
1691464153152.24,0,63.6560785814517,15.7094188376753,715.018315018315
1691464155103.38,0,61.1411805441656,16.3555886736214,720.14652014652
1691464157054.53,0,58.0066699469684,17.2393967954759,707.692307692307
1691464159005.67,0,57.678639768192,17.3374407582938,695.970695970695
1691464160956.82,0,55.3824285167568,18.056268509378,693.772893772893
1691464162907.96,0,53.5600386346654,18.6706362708404,684.249084249084
1691464164859.11,0,52.5030525030525,19.0465116279069,676.923076923076
1691464166810.25,0,51.3731707761558,19.465413267116,672.527472527472
1691464168761.39,0,49.9517066681245,20.0193360087559,668.131868131868
1691464170712.54,0,51.2638273832303,19.5069321009598,662.271062271062
1691464172663.68,0,49.842363275199,20.0632541133455,667.399267399267
1691464174614.83,0,49.842363275199,20.0632541133455,667.399267399267
1691464176565.97,0,49.2591985129298,20.3007769145394,658.608058608058
1691464178517.12,0,50.7171104186029,19.7172116421128,659.340659340659
1691464180468.26,0,63.7289741767353,15.6914498141263,672.527472527472
1691464182419.41,0,65.478468463543,15.2721959365432,726.739926739926
1691464184370.55,0,65.7700508446777,15.2044887780548,732.600732600732
1691464186321.70,0,63.4738395932425,15.7545219638242,731.868131868131
1691464188272.84,0,67.0821715597835,14.9070904645476,724.542124542124
1691464190223.99,0,68.8316658465912,14.5281969817315,741.391941391941
1691464192175.13,0,66.2074244163796,15.1040462427745,742.857142857142
1691464194126.28,0,65.0775426894829,15.3662839540744,732.600732600732
1691464196077.42,0,62.2346144734204,16.0682284040995,725.274725274725
1691464198028.57,0,58.5898347092376,17.0678071539657,712.087912087912
1691464199979.71,0,57.4235051846992,17.4144715963186,697.435897435897
1691464201930.86,0,56.9132360177136,17.5706051873198,691.575091575091
1691464203882.00,0,54.9086071474131,18.2120809824095,688.644688644688
1691464205833.14,0,56.0384888743097,17.8448780487804,679.853479853479
1691464207784.29,0,56.3300712554443,17.7525072791976,684.981684981684
1691464209735.43,0,56.4758624460116,17.7066795740561,686.446886446886
1691464211686.58,0,54.3254423851438,18.4075813485407,685.714285714285
1691464213637.72,0,57.9337743516847,17.2610883925762,679.853479853479
1691464215588.87,0,62.0159276875694,16.1248898031149,695.238095238095
1691464217540.01,0,65.3691250706176,15.2977418455533,712.087912087912
1691464219491.16,0,65.5149162611849,15.2636995827538,724.542124542124
1691464221442.30,0,61.2140761394492,16.3361119380768,723.076923076923
1691464223393.45,0,60.849598163031,16.4339622641509,706.227106227106
1691464225344.59,0,59.7561642337761,16.7346752058554,704.029304029304
1691464227295.74,0,58.1160133398939,17.2069614299153,698.901098901098
1691464229246.88,0,56.9861316129972,17.5481291973137,693.040293040293
1691464231198.03,0,54.7992637544876,18.2484203525108,687.179487179487
1691464233149.17,0,55.0908461356222,18.1518359245782,678.388278388278
1691464235100.32,0,55.0908461356222,18.1518359245782,678.388278388278
1691464237051.46,0,54.507681373353,18.346038114343,676.190476190476
1691464239002.61,0,54.8357115521294,18.2362911266201,677.655677655677
1691464240953.75,0,56.5852058389371,17.6724637681159,679.853479853479
1691464242904.90,0,58.8085214950886,17.0043383947939,687.912087912087
1691464244856.04,0,57.8608787564011,17.2828346456692,696.703296703296
1691464246807.18,0,58.6627303045213,17.0465983224603,693.040293040293
1691464248758.33,0,58.3347001257449,17.1424554826616,695.970695970695
1691464250709.47,0,60.0477466149107,16.6534142640364,695.970695970695
1691464252660.62,0,61.0682849488819,16.3751119068934,701.831501831501
1691464254611.76,0,59.6103730432088,16.7756037908896,704.761904761904
1691464256562.91,0,57.7150875658338,17.3264919482159,698.901098901098
1691464258514.05,0,57.3141617917737,17.4476947535771,692.307692307692
1691464260465.20,0,55.2366373261895,18.1039260969976,689.377289377289
1691464262416.34,0,53.9245166110837,18.5444406894221,680.58608058608
1691464264367.49,0,53.3413518488145,18.7471814144174,676.190476190476
1691464266318.63,0,52.6488436936198,18.9937694704049,673.260073260073
1691464268269.78,0,51.9198877407832,19.2604422604422,670.32967032967
1691464270220.92,0,51.7376487525741,19.328284607256,667.399267399267
1691464272172.07,0,51.5918575620068,19.3829035676439,666.666666666666
1691464274123.21,0,53.9245166110837,18.5444406894221,667.399267399267
1691464276074.36,0,61.8701364970021,16.1628865979381,679.853479853479
1691464278025.50,0,64.4214823319301,15.5227722772277,711.355311355311
1691464279976.65,0,61.5785541158675,16.2394199467298,719.413919413919
1691464281927.79,0,59.7197164361343,16.744888617638,708.424908424908
1691464283878.93,0,57.459952982341,17.4034253092293,700.3663003663
1691464285830.08,0,55.5282197073241,18.0088611749261,690.84249084249
1691464287781.22,0,57.3141617917737,17.4476947535771,682.783882783882
1691464289732.37,0,57.8244309587593,17.293728332808,691.575091575091
1691464291683.51,0,58.0795655422521,17.2177596485723,693.772893772893
1691464293634.66,0,56.1478322672352,17.8101265822784,693.040293040293
1691464295585.80,0,56.1478322672352,17.8101265822784,693.040293040293
1691464297536.95,0,57.24126619649,17.4699140401146,679.120879120879
1691464299488.09,0,60.1935378054781,16.6130790190735,690.10989010989
1691464301439.24,0,62.5626446521968,15.98397902709,703.296703296703
1691464303390.38,0,61.0318371512401,16.3848910122424,710.62271062271
1691464305341.53,0,58.6262825068795,17.0571961454771,704.029304029304
1691464307292.67,0,58.5898347092376,17.0678071539657,695.970695970695
1691464309243.82,0,56.8403404224299,17.5931388265469,693.772893772893
1691464311194.96,0,59.9748510196271,16.6736554238833,688.644688644688
1691464313146.11,0,59.2458950667905,16.8788065210704,699.633699633699
1691464315097.25,0,60.412224591329,16.5529411764705,695.970695970695
1691464317048.40,0,58.3347001257449,17.1424554826616,701.098901098901
1691464318999.54,0,56.2207278625189,17.7870340356564,692.307692307692
1691464320950.68,0,54.7263681592039,18.2727272727272,682.783882783882
1691464322901.83,0,53.9609644087255,18.531914893617,676.923076923076
1691464324852.97,0,54.070307801651,18.494438827098,673.992673992674
1691464326804.12,0,53.1955606582472,18.7985611510791,675.457875457875
1691464328755.26,0,54.6534725639203,18.297099033011,671.794871794871
1691464330706.41,0,58.1524611375357,17.1961767471012,676.190476190476
1691464332657.55,0,60.3757767936872,16.5629338967703,693.040293040293
1691464334608.70,0,61.1411805441656,16.3555886736214,699.633699633699
1691464336559.84,0,61.906584294644,16.1533706211362,703.296703296703
1691464338510.99,0,60.3028811984035,16.5829555757026,706.959706959706
1691464340462.13,0,60.0477466149107,16.6534142640364,698.168498168498
1691464342413.28,0,56.9496838153554,17.55936,698.168498168498
1691464344364.42,0,58.6627303045213,17.0465983224603,687.179487179487
1691464346315.57,0,59.9748510196271,16.6736554238833,693.040293040293
1691464348266.71,0,61.0682849488819,16.3751119068934,698.901098901098
1691464350217.86,0,59.1729994715069,16.899599630428,702.564102564102
1691464352169.00,0,57.7515353634756,17.3155569580309,693.040293040293
1691464354120.15,0,56.3665190530862,17.741028128031,689.377289377289
1691464356071.29,0,56.3665190530862,17.741028128031,689.377289377289
1691464358022.44,0,54.8357115521294,18.2362911266201,674.725274725274
1691464359973.58,0,53.9609644087255,18.531914893617,676.190476190476
1691464361924.72,0,56.8767882200717,17.5818647869272,674.725274725274
1691464363875.87,0,59.5374774479252,16.7961432506887,684.981684981684
1691464365827.01,0,58.9178648880141,16.9727806990411,695.970695970695
1691464367778.16,0,58.2618045304612,17.1639036596809,694.505494505494
1691464369729.30,0,56.8403404224299,17.5931388265469,690.10989010989
1691464371680.45,0,55.7469064931751,17.9382151029748,684.981684981684
1691464373631.59,0,53.2684562535308,18.7728361272665,679.853479853479
1691464375582.74,0,52.7946348841871,18.9413186054539,669.597069597069
1691464377533.88,0,51.8469921454996,19.2875219683655,668.131868131868
1691464379485.03,0,51.1544839903048,19.5486284289276,664.468864468864
1691464381436.17,0,44.0471634501485,22.7029375258585,658.608058608058
1691464383387.32,0,50.2432890492592,19.9031556039173,633.699633699633
1691464385338.46,0,51.9927833360669,19.2334384858044,658.608058608058
1691464387289.61,0,52.4301569077688,19.0729927007299,663.736263736263
1691464389240.75,0,54.1796511945765,18.4571140262361,667.399267399267
1691464391191.90,0,54.070307801651,18.494438827098,674.725274725274
1691464393143.04,0,54.8357115521294,18.2362911266201,672.527472527472
1691464395094.19,0,54.1067555992929,18.4819804648029,676.923076923076
1691464397045.33,0,53.3049040511727,18.76,673.992673992674
1691464398996.47,0,52.6488436936198,18.9937694704049,668.864468864468
1691464400947.62,0,53.1591128606053,18.8114501199862,668.131868131868
1691464402898.76,0,51.9927833360669,19.2334384858044,669.597069597069
1691464404849.91,0,51.7376487525741,19.328284607256,663.003663003663
1691464406801.05,0,52.5030525030525,19.0465116279069,663.736263736263
1691464408752.20,0,52.1021267289924,19.1930745015739,666.666666666666
1691464410703.34,0,53.0862172653217,18.83728115345,663.736263736263
1691464412654.49,0,56.0749366719515,17.8332791680208,670.32967032967
1691464414605.63,0,56.0749366719515,17.8332791680208,670.32967032967
1691464416556.78,0,61.9430320922858,16.1438658428949,692.307692307692
1691464418507.92,0,60.8860459606728,16.4241245136186,705.494505494505
1691464420459.07,0,61.0682849488819,16.3751119068934,701.098901098901
1691464422410.21,0,58.0431177446102,17.2285714285714,701.098901098901
1691464424361.36,0,54.1432033969347,18.4695388757993,690.10989010989
1691464426312.50,0,56.9861316129972,17.5481291973137,673.992673992674
1691464428263.65,0,56.7309970295044,17.6270478637969,684.981684981684
1691464430214.79,0,58.2253567328194,17.1746478873239,684.981684981684
1691464432165.94,0,60.4851201866127,16.5329918650195,690.10989010989
1691464434117.08,0,63.0729138191824,15.8546662814215,699.633699633699
1691464436068.22,0,64.0570043555118,15.6110953058321,712.820512820512
1691464438019.37,0,62.2710622710622,16.0588235294117,711.355311355311
1691464439970.51,0,61.3598673300165,16.2972972972973,706.959706959706
1691464441921.66,0,59.355238459716,16.8477126189745,702.564102564102
1691464443872.80,0,59.0272082809396,16.9413399197283,693.040293040293
1691464445823.95,0,58.298252328103,17.1531728665207,695.238095238095
1691464447775.09,0,58.1524611375357,17.1961767471012,690.84249084249
1691464449726.24,0,60.63091137718,16.4932371505861,690.10989010989
1691464451677.38,0,59.9384032219853,16.6837944664031,698.901098901098
1691464453628.53,0,63.6196307838098,15.7184187911773,698.168498168498
1691464455579.67,0,68.1391576913964,14.6758491575287,714.285714285714
1691464457530.82,0,71.1643248956681,14.0519846350832,731.868131868131
1691464459481.96,0,62.4533012592714,16.0119638167493,740.65934065934
1691464461433.11,0,63.801869772019,15.6735218508997,707.692307692307
1691464463384.25,0,61.8336886993603,16.1724137931034,711.355311355311
1691464465335.40,0,58.4440435186703,17.1103835360149,704.029304029304
1691464467286.54,0,56.5487580412953,17.6838543345149,691.575091575091
1691464469237.69,0,56.7674448271463,17.6157303370786,682.783882783882
1691464471188.83,0,54.3983379804275,18.3829145728643,683.516483516483
1691464473139.97,0,52.9768738723962,18.876160990712,674.725274725274
1691464475091.12,0,52.9768738723962,18.876160990712,674.725274725274
1691464477042.26,0,50.899349406812,19.6466165413533,669.597069597069
1691464478993.41,0,50.6806626209611,19.7313915857605,659.340659340659
1691464480944.55,0,50.06105006105,19.9756097560975,658.608058608058
1691464482895.70,0,48.785377143586,20.4979454613373,655.677655677655
1691464484846.84,0,47.4732564284803,21.0644913627639,652.014652014651
1691464486797.99,0,47.7648388096149,20.9359023273559,646.153846153846
1691464488749.13,0,45.8695533322399,21.8009535160905,647.619047619047
1691464490700.28,0,46.0153445228072,21.7318811881188,640.29304029304
1691464492651.42,0,45.833105534598,21.8182902584493,640.29304029304
1691464494602.57,0,45.2863885699706,22.081690140845,639.560439560439
1691464496553.71,0,45.4686275581798,21.9931863727454,637.362637362637
1691464498504.86,0,45.9060011298817,21.7836443032949,637.362637362637
1691464500456.00,0,45.7602099393144,21.853046594982,639.560439560439
1691464502407.15,0,45.4321797605379,22.0108303249097,638.827838827838
1691464504358.29,0,45.213492974687,22.1172914147521,637.362637362637
1691464506309.44,0,45.213492974687,22.1172914147521,635.897435897435
1691464508260.58,0,44.9219105935523,22.2608519269776,636.630036630036
1691464510211.73,0,45.213492974687,22.1172914147521,635.897435897435
1691464512162.87,0,46.0153445228072,21.7318811881188,637.362637362637
1691464514114.01,0,45.9424489275235,21.7663625545418,640.29304029304
1691464516065.16,0,45.833105534598,21.8182902584493,639.560439560439
1691464518016.30,0,45.5050753558216,21.9755706848217,639.560439560439
1691464519967.45,0,44.7396716053432,22.3515274949083,637.362637362637
1691464521918.59,0,45.6873143440307,21.8879138412445,636.630036630036
1691464523869.74,0,47.4732564284803,21.0644913627639,638.827838827838
1691464525820.88,0,48.2022123813168,20.7459357277882,646.886446886446
1691464527772.03,0,47.108778452062,21.2274661508704,649.816849816849
1691464529723.17,0,46.9265394638528,21.3099029126213,645.421245421245
1691464531674.32,0,46.1246879157326,21.6803634926906,643.956043956043
1691464533625.46,0,46.5985092850764,21.4599139616738,641.758241758241
1691464535576.61,0,46.5985092850764,21.4599139616738,641.758241758241
1691464537527.75,0,48.5666903577351,20.590243902439,643.956043956043
1691464539478.90,0,47.6554954166894,20.9839388145315,652.014652014651
1691464541430.04,0,46.7078526780019,21.4096761607491,647.619047619047
1691464543381.19,0,46.1975835110163,21.6461538461538,643.956043956043
1691464545332.33,0,47.3274652379129,21.1293800539083,641.758241758241
1691464547283.48,0,52.7581870865453,18.9544041450777,646.153846153846
1691464549234.62,0,55.2730851238313,18.0919881305638,670.32967032967
1691464551185.76,0,57.4964007799828,17.3923930269413,678.388278388278
1691464553136.91,0,55.564667504966,17.9970482125287,687.912087912087
1691464555088.05,0,54.4712335757111,18.3583138173302,680.58608058608
1691464557039.20,0,53.1226650629635,18.8243567753001,673.260073260073
1691464558990.34,0,51.2638273832303,19.5069321009598,671.062271062271
1691464560941.49,0,50.0974978586918,19.9610767551837,661.538461538461
1691464562892.63,0,49.1863029176461,20.3308632826972,656.410256410256
1691464564843.78,0,49.5143330964226,20.1961722488038,655.677655677655
1691464566794.92,0,47.8377344048985,20.904,653.479853479853
1691464568746.07,0,48.0928689883913,20.7931034482758,649.084249084249
1691464570697.21,0,47.0358828567783,21.2603641999225,649.816849816849
1691464572648.36,0,46.3069269039418,21.595041322314,643.223443223443
1691464574599.50,0,45.9424489275235,21.7663625545418,641.758241758241
1691464576550.65,0,47.9106300001822,20.8721947508558,640.29304029304
1691464578501.79,0,47.728391011973,20.9518900343642,648.351648351648
1691464580452.94,0,46.2704791063,21.612051988972,647.619047619047
1691464582404.08,0,47.5097042261221,21.04833141542,641.025641025641
1691464584355.23,0,47.6190476190476,21,647.619047619047
1691464586306.37,0,51.9198877407832,19.2604422604422,647.619047619047
1691464588257.51,0,59.6832686384925,16.7551145038167,666.666666666666
1691464590208.66,0,59.573925245567,16.7858672376873,696.703296703296
1691464592159.80,0,60.3028811984035,16.5829555757026,696.703296703296
1691464594110.95,0,59.6832686384925,16.7551145038167,699.633699633699
1691464596062.09,0,59.6832686384925,16.7551145038167,699.633699633699
1691464598013.24,0,58.7720736974468,17.0148837209302,698.901098901098
1691464599964.38,0,56.3300712554443,17.7525072791976,693.772893772893
1691464601915.53,0,55.3095329214732,18.0800658978583,682.783882783882
1691464603866.67,0,53.5964864323073,18.6579394763685,677.655677655677
1691464605817.82,0,52.2479179195597,19.1395186606208,671.794871794871
1691464607768.96,0,50.6806626209611,19.7313915857605,665.934065934065
1691464609720.11,0,51.2638273832303,19.5069321009598,659.340659340659
1691464611671.25,0,51.2273795855885,19.5208110992529,661.538461538461
1691464613622.40,0,52.0292311337087,19.2199649737303,661.538461538461
1691464615573.54,0,50.3161846445428,19.8743208982252,665.201465201465
1691464617524.69,0,49.2591985129298,20.3007769145394,657.142857142857
1691464619475.83,0,48.5302425600933,20.6057078482914,654.212454212454
1691464621426.98,0,48.0199733931077,20.8246679316888,651.282051282051
1691464623378.12,0,46.8536438685692,21.343057176196,648.351648351648
1691464625329.27,0,46.1611357133745,21.6632451638373,643.956043956043
1691464627280.41,0,46.0882401180908,21.6975088967971,641.025641025641
1691464629231.55,0,45.7237621416725,21.8704663212435,641.025641025641
1691464631182.70,0,45.213492974687,22.1172914147521,638.827838827838
1691464633133.84,0,46.051792320449,21.7146814404432,637.362637362637
1691464635084.99,0,45.6873143440307,21.8879138412445,641.025641025641
1691464637036.13,0,45.3228363676124,22.0639324487334,639.560439560439
1691464638987.28,0,44.9583583911941,22.2428050263477,637.362637362637
1691464640938.42,0,44.5209848194922,22.4613180515759,637.362637362637
1691464642889.57,0,46.6714048803601,21.4263959390862,635.164835164835
1691464644840.71,0,49.5872286917063,20.1664829106945,643.956043956043
1691464646791.86,0,51.2273795855885,19.5208110992529,657.142857142857
1691464648743.00,0,50.7171104186029,19.7172116421128,662.271062271062
1691464650694.15,0,49.2956463105716,20.2857670979667,660.07326007326
1691464652645.29,0,48.7489293459442,20.5132710280373,654.212454212454
1691464654596.44,0,48.7489293459442,20.5132710280373,654.212454212454
1691464656547.58,0,48.6395859530187,20.5593855376545,657.142857142857
1691464658498.73,0,49.7330198822736,20.1073653352876,652.747252747252
1691464660449.87,0,47.0723306544202,21.2439024390243,656.410256410256
1691464662401.02,0,48.8218249412279,20.4826427771556,647.619047619047
1691464664352.16,0,51.2273795855885,19.5208110992529,653.479853479853
1691464666303.30,0,49.2956463105716,20.2857670979667,661.538461538461
1691464668254.45,0,52.4666047054106,19.0597429663077,656.410256410256
1691464670205.59,0,52.4666047054106,19.0597429663077,656.410256410256
1691464672156.74,0,49.7330198822736,20.1073653352876,662.271062271062
1691464674107.88,0,50.2432890492592,19.9031556039173,657.142857142857
1691464676059.03,0,48.4208991671678,20.6522393677079,657.875457875457
1691464678010.17,0,47.1816740473456,21.1946697566628,651.282051282051
1691464679961.32,0,46.3433747015836,21.5780574125049,645.421245421245
1691464681912.46,0,47.2910174402711,21.1456647398843,642.490842490842
1691464683863.61,0,48.7489293459442,20.5132710280373,646.886446886446
1691464685814.75,0,51.8834399431414,19.2739726027397,652.747252747252
1691464687765.90,0,51.6283053596486,19.3692199082244,665.934065934065
1691464689717.04,0,49.842363275199,20.0632541133455,664.468864468864
1691464691668.19,0,51.336722978514,19.479233226837,655.677655677655
1691464693619.33,0,49.5507808940644,20.1813166605369,663.736263736263
1691464695570.48,0,49.5507808940644,20.1813166605369,656.410256410256
1691464697521.62,0,49.6236764893481,20.1516709511568,656.410256410256
1691464699472.77,0,45.9424489275235,21.7663625545418,655.677655677655
1691464701423.91,0,52.0292311337087,19.2199649737303,641.025641025641
1691464703375.05,0,57.9337743516847,17.2610883925762,667.399267399267
1691464705326.20,0,56.8767882200717,17.5818647869272,690.10989010989
1691464707277.34,0,54.5805769686366,18.3215358931552,685.714285714285
1691464709228.49,0,52.9768738723962,18.876160990712,675.457875457875
1691464711179.63,0,53.0862172653217,18.83728115345,669.597069597069
1691464713130.78,0,50.7535582162447,19.7030520646319,669.597069597069
1691464715081.92,0,50.7535582162447,19.7030520646319,669.597069597069
1691464717033.07,0,49.1498551200043,20.3459399332591,659.340659340659
1691464718984.21,0,48.1293167860332,20.777357061719,654.212454212454
1691464720935.36,0,47.2910174402711,21.1456647398843,649.816849816849
1691464722886.50,0,46.5985092850764,21.4599139616738,646.153846153846
1691464724837.65,0,46.6714048803601,21.4263959390862,643.223443223443
1691464726788.79,0,45.7602099393144,21.853046594982,643.956043956043
1691464728739.94,0,45.0312539864778,22.2067988668555,639.560439560439
1691464730691.08,0,45.1041495817615,22.170909090909,636.630036630036
1691464732642.23,0,47.5097042261221,21.04833141542,638.095238095238
1691464734593.37,0,48.0199733931077,20.8246679316888,647.619047619047
1691464736544.52,0,48.0928689883913,20.7931034482758,649.816849816849
1691464738495.66,0,46.9994350591365,21.2768514928266,650.54945054945
1691464740446.80,0,46.2704791063,21.612051988972,645.421245421245
1691464742397.95,0,47.4003608331966,21.0968858131487,642.490842490842
1691464744349.09,0,46.3069269039418,21.595041322314,646.886446886446
1691464746300.24,0,45.2499407723288,22.0994764397905,642.490842490842
1691464748251.38,0,47.0723306544202,21.2439024390243,638.827838827838
1691464750202.53,0,47.0723306544202,21.2439024390243,646.153846153846
1691464752153.67,0,47.4368086308384,21.080676142912,646.153846153846
1691464754104.82,0,46.4891658921509,21.5103880831046,646.886446886446
1691464756055.96,0,47.0723306544202,21.2439024390243,643.956043956043
1691464758007.11,0,49.5143330964226,20.1961722488038,646.886446886446
1691464759958.25,0,48.5666903577351,20.590243902439,656.410256410256
1691464761909.40,0,48.4937947624514,20.6211950394588,652.747252747252
1691464763860.54,0,47.1452262497038,21.2110552763819,652.014652014651
1691464765811.69,0,46.0882401180908,21.6975088967971,646.153846153846
1691464767762.83,0,45.9060011298817,21.7836443032949,641.758241758241
1691464769713.98,0,45.1041495817615,22.170909090909,640.29304029304
1691464771665.12,0,45.0677017841196,22.1888394662353,638.095238095238
1691464773616.27,0,46.5985092850764,21.4599139616738,638.827838827838
1691464775567.41,0,46.5985092850764,21.4599139616738,638.827838827838
1691464777518.56,0,49.4049897034971,20.2408705274806,654.945054945055
1691464779469.70,0,48.2386601789586,20.7302606724593,655.677655677655
1691464781420.84,0,47.7648388096149,20.9359023273559,651.282051282051
1691464783371.99,0,46.1246879157326,21.6803634926906,648.351648351648
1691464785323.13,0,45.5050753558216,21.9755706848217,641.758241758241
1691464787274.28,0,44.3387458312831,22.5536374845869,638.827838827838
1691464789225.42,0,46.3433747015836,21.5780574125049,634.432234432234
1691464791176.57,0,49.0405117270788,20.391304347826,643.223443223443
1691464793127.71,0,44.4116414265667,22.5166187935986,654.212454212454
1691464795078.86,0,45.6144187487471,21.9228925289652,635.164835164835
1691464797030.00,0,46.3433747015836,21.5780574125049,640.29304029304
1691464798981.15,0,49.1134073223625,20.3610389610389,643.956043956043
1691464800932.29,0,49.7330198822736,20.1073653352876,654.212454212454
1691464802883.44,0,52.175022324276,19.1662591687041,659.340659340659
1691464804834.58,0,53.7058298252328,18.6199524940617,666.666666666666
1691464806785.73,0,52.1021267289924,19.1930745015739,673.260073260073
1691464808736.87,0,51.5554097643649,19.3966065747614,666.666666666666
1691464810688.02,0,52.1021267289924,19.1930745015739,663.003663003663
1691464812639.16,0,51.5189619667231,19.4103289706402,667.399267399267
1691464814590.31,0,50.279736846901,19.8887277999275,662.271062271062
1691464816541.45,0,49.2956463105716,20.2857670979667,658.608058608058
1691464818492.59,0,48.0928689883913,20.7931034482758,655.677655677655
1691464820443.74,0,47.8012866072567,20.9199390011437,649.084249084249
1691464822394.88,0,46.8536438685692,21.343057176196,649.084249084249
1691464824346.03,0,46.2340313086581,21.6290894757587,642.490842490842
1691464826297.17,0,46.2704791063,21.612051988972,642.490842490842
1691464828248.32,0,48.3115557742423,20.6989815164089,641.758241758241
1691464830199.46,0,46.7078526780019,21.4096761607491,651.282051282051
1691464832150.61,0,47.2181218449875,21.1783095329988,644.688644688644
1691464834101.75,0,46.8171960709274,21.3596730245231,645.421245421245
1691464836052.90,0,46.8171960709274,21.3596730245231,645.421245421245
1691464838004.04,0,45.6873143440307,21.8879138412445,647.619047619047
1691464839955.19,0,46.9265394638528,21.3099029126213,640.29304029304
1691464841906.33,0,45.4686275581798,21.9931863727454,643.956043956043
1691464843857.48,0,46.1246879157326,21.6803634926906,639.560439560439
1691464845808.62,0,44.8854627959105,22.278928136419,641.758241758241
1691464847759.77,0,46.9265394638528,21.3099029126213,637.362637362637
1691464849710.91,0,47.5825998214057,21.0160857908847,646.153846153846
1691464851662.06,0,46.9629872614947,21.2933643771827,646.886446886446
1691464853613.20,0,47.2181218449875,21.1783095329988,645.421245421245
1691464855564.34,0,46.5620614874346,21.4767123287671,646.886446886446
1691464857515.49,0,47.2181218449875,21.1783095329988,642.490842490842
1691464859466.63,0,46.4891658921509,21.5103880831046,646.886446886446
1691464861417.78,0,44.9219105935523,22.2608519269776,641.758241758241
1691464863368.92,0,44.5574326171341,22.442944785276,637.362637362637
1691464865320.07,0,44.776119402985,22.3333333333333,635.897435897435
1691464867271.21,0,44.7396716053432,22.3515274949083,635.897435897435
1691464869222.36,0,44.8125672006268,22.3151687677917,637.362637362637
1691464871173.50,0,43.937820057223,22.7594359187059,635.897435897435
1691464873124.65,0,43.8284766642975,22.8162162162162,633.699633699633
1691464875075.79,0,43.5368942831629,22.9690246965257,631.501831501831
1691464877026.94,0,43.4639986878792,23.0075471698113,632.234432234432
1691464878978.08,0,43.2088641043864,23.1433994095318,630.03663003663
1691464880929.23,0,43.719133271372,22.8732805335556,630.03663003663
1691464882880.37,0,44.7396716053432,22.3515274949083,632.234432234432
1691464884831.52,0,46.6349570827182,21.443141852286,636.630036630036
1691464886782.66,0,48.8947205365115,20.4521058516585,644.688644688644
1691464888733.81,0,49.1134073223625,20.3610389610389,652.747252747252
1691464890684.95,0,47.7648388096149,20.9359023273559,654.945054945055
1691464892636.10,0,46.9265394638528,21.3099029126213,647.619047619047
1691464894587.24,0,46.9265394638528,21.3099029126213,647.619047619047
1691464896538.38,0,45.4321797605379,22.0108303249097,641.025641025641
1691464898489.53,0,44.7396716053432,22.3515274949083,639.560439560439
1691464900440.67,0,46.4162702968673,21.5441696113074,636.630036630036
1691464902391.82,0,43.7555810690139,22.8542274052478,642.490842490842
1691464904342.96,0,44.3022980336413,22.5721925133689,632.967032967032
1691464906294.11,0,45.213492974687,22.1172914147521,634.432234432234
1691464908245.25,0,44.9219105935523,22.2608519269776,638.827838827838
1691464910196.40,0,44.4845370218504,22.4797214256452,636.630036630036
1691464912147.54,0,44.3751936289249,22.5351129363449,636.630036630036
1691464914098.69,0,44.5574326171341,22.442944785276,635.164835164835
1691464916049.83,0,50.4984236327519,19.8025983399494,637.362637362637
1691464918000.98,0,49.222750715288,20.3158089596445,659.340659340659
1691464919952.12,0,46.2340313086581,21.6290894757587,653.479853479853
1691464921903.27,0,45.6144187487471,21.9228925289652,643.223443223443
1691464923854.41,0,45.6873143440307,21.8879138412445,638.095238095238
1691464925805.56,0,45.7966577369562,21.8356545961002,640.29304029304
1691464927756.70,0,44.156506843074,22.6467189434585,638.095238095238
1691464929707.85,0,43.5733420808047,22.9498117942283,633.699633699633
1691464931658.99,0,43.9742678548648,22.7405719021964,631.501831501831
1691464933610.13,0,43.7920288666557,22.8352059925093,632.234432234432
1691464935561.28,0,44.8125672006268,22.3151687677917,632.967032967032
1691464937512.42,0,43.3911030925956,23.0461990760184,635.164835164835
1691464939463.57,0,46.5256136897927,21.4935370152761,631.501831501831
1691464941414.71,0,46.4527180945091,21.5272655943507,641.758241758241
1691464943365.86,0,47.1816740473456,21.1946697566628,643.223443223443
1691464945317.00,0,45.9424489275235,21.7663625545418,645.421245421245
1691464947268.15,0,45.2863885699706,22.081690140845,640.29304029304
1691464949219.29,0,45.5779709511052,21.9404238304678,638.095238095238
1691464951170.44,0,45.213492974687,22.1172914147521,638.095238095238
1691464953121.58,0,44.5574326171341,22.442944785276,638.095238095238
1691464955072.73,0,44.5574326171341,22.442944785276,638.095238095238
1691464957023.87,0,44.5574326171341,22.442944785276,635.897435897435
1691464958975.02,0,44.4116414265667,22.5166187935986,635.164835164835
1691464960926.16,0,43.8649244619393,22.7972579975072,635.164835164835
1691464962877.31,0,44.0471634501485,22.7029375258585,632.967032967032
1691464964828.45,0,43.937820057223,22.7594359187059,632.234432234432
1691464966779.60,0,43.3911030925956,23.0461990760184,633.699633699633
1691464968730.74,0,44.0836112477903,22.6841670111616,630.03663003663
1691464970681.89,0,43.6097898784466,22.930631007104,633.699633699633
1691464972633.03,0,43.2088641043864,23.1433994095318,631.501831501831
1691464974584.17,0,42.9901773185355,23.2611275964391,629.304029304029
1691464976535.32,0,43.1724163067446,23.1629379485014,630.03663003663
1691464978486.46,0,43.099520711461,23.2021141649048,628.571428571428
1691464980437.61,0,42.7714905326845,23.3800596506178,630.03663003663
1691464982388.75,0,43.5004464855211,22.9882697947214,627.106227106227
1691464984339.90,0,43.5733420808047,22.9498117942283,632.234432234432
1691464986291.04,0,43.099520711461,23.2021141649048,630.03663003663
1691464988242.19,0,43.0266251161773,23.2414231257941,630.03663003663
1691464990193.33,0,42.9172817232518,23.3006369426751,629.304029304029
1691464992144.48,0,42.4070125562662,23.5810055865921,627.838827838827
1691464994095.62,0,41.8602955916388,23.8889856334349,627.838827838827
1691464996046.77,0,43.0630729138191,23.2217520101565,622.710622710622
1691464997997.91,0,42.2976691633408,23.6419646704006,630.03663003663
1691464999949.06,0,42.6985949374009,23.4199743918053,624.908424908424
1691465001900.20,0,42.4070125562662,23.5810055865921,628.571428571428
1691465003851.35,0,43.6097898784466,22.930631007104,625.641025641025
1691465005802.49,0,43.5368942831629,22.9690246965257,632.967032967032
1691465007753.64,0,44.7032238077014,22.3697513249082,631.501831501831
1691465009704.78,0,44.8125672006268,22.3151687677917,636.630036630036
1691465011655.92,0,39.0902629708599,25.5818181818181,636.630036630036
1691465013607.07,0,44.4845370218504,22.4797214256452,613.186813186813
1691465015558.21,0,44.4845370218504,22.4797214256452,613.186813186813
1691465017509.36,0,42.8443861279682,23.3402807316035,634.432234432234
1691465019460.50,0,41.4229220199369,24.1412230532336,627.838827838827
1691465021411.65,0,42.5892515444754,23.4801026957638,622.710622710622
1691465023362.79,0,44.3387458312831,22.5536374845869,623.443223443223
1691465025313.94,0,45.4686275581798,21.9931863727454,635.897435897435
1691465027265.08,0,47.3639130355548,21.1131204309349,639.560439560439
1691465029216.23,0,49.5507808940644,20.1813166605369,647.619047619047
1691465031167.37,0,48.5666903577351,20.590243902439,655.677655677655
1691465033118.52,0,46.0153445228072,21.7318811881188,652.014652014651
1691465035069.66,0,46.9994350591365,21.2768514928266,641.758241758241
1691465037020.81,0,46.4527180945091,21.5272655943507,643.956043956043
1691465038971.95,0,44.994806188836,22.2247873633049,643.956043956043
1691465040923.10,0,45.5050753558216,21.9755706848217,636.630036630036
1691465042874.24,0,45.1770451770451,22.1351351351351,639.560439560439
1691465044825.39,0,45.5779709511052,21.9404238304678,637.362637362637
1691465046776.53,0,45.9788967251653,21.7491082045184,638.827838827838
1691465048727.67,0,46.5985092850764,21.4599139616738,641.758241758241
1691465050678.82,0,48.3115557742423,20.6989815164089,642.490842490842
1691465052629.96,0,47.2545696426293,21.1619745468569,652.014652014651
1691465054581.11,0,47.5097042261221,21.04833141542,644.688644688644
1691465056532.25,0,46.9994350591365,21.2768514928266,648.351648351648
1691465058483.40,0,47.0358828567783,21.2603641999225,644.688644688644
1691465060434.54,0,47.5097042261221,21.04833141542,646.153846153846
1691465062385.69,0,45.7602099393144,21.853046594982,647.619047619047
1691465064336.83,0,45.3228363676124,22.0639324487334,638.827838827838
1691465066287.98,0,44.994806188836,22.2247873633049,639.560439560439
1691465068239.12,0,44.994806188836,22.2247873633049,637.362637362637
1691465070190.27,0,43.6462376760884,22.9114822546972,638.095238095238
1691465072141.41,0,43.5733420808047,22.9498117942283,632.234432234432
1691465074092.56,0,44.8490149982687,22.2970337261275,630.76923076923
1691465076043.70,0,44.8490149982687,22.2970337261275,630.76923076923
1691465077994.85,0,44.4845370218504,22.4797214256452,635.897435897435
1691465079945.99,0,43.6826854737302,22.892365456821,636.630036630036
1691465081897.14,0,44.5209848194922,22.4613180515759,631.501831501831
1691465083848.28,0,42.88083392561,23.3204419889502,635.897435897435
1691465085799.42,0,43.6097898784466,22.930631007104,629.304029304029
1691465087750.57,0,41.7145044010715,23.9724770642201,630.03663003663
1691465089701.71,0,42.5163559491917,23.5203600514359,624.908424908424
1691465091652.86,0,42.88083392561,23.3204419889502,625.641025641025
1691465093604.00,0,43.3182074973119,23.0849810685738,629.304029304029
1691465095555.15,0,43.3182074973119,23.0849810685738,630.76923076923
1691465097506.29,0,44.9219105935523,22.2608519269776,630.76923076923
1691465099457.44,0,48.2751079766005,20.7146092865232,638.095238095238
1691465101408.58,0,50.7171104186029,19.7172116421128,650.54945054945
1691465103359.73,0,52.0292311337087,19.2199649737303,661.538461538461
1691465105310.87,0,47.108778452062,21.2274661508704,663.003663003663
1691465107262.02,0,49.5507808940644,20.1813166605369,647.619047619047
1691465109213.16,0,49.222750715288,20.3158089596445,654.945054945055
1691465111164.31,0,48.2751079766005,20.7146092865232,655.677655677655
1691465113115.45,0,46.890091666211,21.3264671589584,649.816849816849
1691465115066.60,0,46.9629872614947,21.2933643771827,646.153846153846
1691465117017.74,0,46.7443004756437,21.3929824561403,643.956043956043
1691465118968.89,0,46.9265394638528,21.3099029126213,645.421245421245
1691465120920.03,0,46.1611357133745,21.6632451638373,644.688644688644
1691465122871.18,0,46.1611357133745,21.6632451638373,641.758241758241
1691465124822.32,0,45.6144187487471,21.9228925289652,643.223443223443
1691465126773.46,0,45.7602099393144,21.853046594982,638.095238095238
1691465128724.61,0,47.4732564284803,21.0644913627639,641.758241758241
1691465130675.75,0,53.1591128606053,18.8114501199862,647.619047619047
1691465132626.90,0,55.127293933264,18.1398347107438,671.062271062271
1691465134578.04,0,55.127293933264,18.1398347107438,671.062271062271
1691465136529.19,0,55.5282197073241,18.0088611749261,671.062271062271
1691465138480.33,0,52.7581870865453,18.9544041450777,679.120879120879
1691465140431.48,0,50.7535582162447,19.7030520646319,668.131868131868
1691465142382.62,0,49.3320941082135,20.2707794606575,660.07326007326
1691465144333.77,0,48.2386601789586,20.7302606724593,654.212454212454
1691465146284.91,0,47.3639130355548,21.1131204309349,651.282051282051
1691465148236.06,0,46.5256136897927,21.4935370152761,644.688644688644
1691465150187.20,0,47.2545696426293,21.1619745468569,644.688644688644
1691465152138.35,0,46.051792320449,21.7146814404432,645.421245421245
1691465154089.49,0,45.5779709511052,21.9404238304678,641.758241758241
1691465156040.64,0,45.213492974687,22.1172914147521,638.827838827838
1691465157991.78,0,45.2863885699706,22.081690140845,637.362637362637
1691465159942.93,0,45.1770451770451,22.1351351351351,638.827838827838
1691465161894.07,0,44.5574326171341,22.442944785276,635.897435897435
1691465163845.21,0,44.0471634501485,22.7029375258585,637.362637362637
1691465165796.36,0,43.719133271372,22.8732805335556,632.967032967032
1691465167747.50,0,43.6097898784466,22.930631007104,632.234432234432
1691465169698.65,0,43.7555810690139,22.8542274052478,632.234432234432
1691465171649.79,0,42.9537295208937,23.2808655070004,632.967032967032
1691465173600.94,0,42.9901773185355,23.2611275964391,629.304029304029
1691465175552.08,0,42.662147139759,23.4399829132849,628.571428571428
1691465177503.23,0,42.2612213656989,23.6623544631306,628.571428571428
1691465179454.37,0,41.9331911869225,23.8474576271186,624.175824175824
1691465181405.52,0,42.042534579848,23.7854356306892,624.908424908424
1691465183356.66,0,43.9742678548648,22.7405719021964,624.175824175824
1691465185307.81,0,44.3751936289249,22.5351129363449,633.699633699633
1691465187258.95,0,44.4116414265667,22.5166187935986,635.164835164835
1691465189210.10,0,44.8490149982687,22.2970337261275,635.897435897435
1691465191161.24,0,44.2658502359994,22.5907780979827,637.362637362637
1691465193112.39,0,43.5004464855211,22.9882697947214,634.432234432234
1691465195063.53,0,43.5004464855211,22.9882697947214,634.432234432234
1691465197014.68,0,43.3182074973119,23.0849810685738,630.76923076923
1691465198965.82,0,40.4388314836076,24.7287066246056,632.234432234432
1691465200916.96,0,41.3864742222951,24.1624834874504,616.117216117216
1691465202868.11,0,40.5846226741749,24.6398742703188,624.175824175824
1691465204819.25,0,39.709875530771,25.1826525929325,616.849816849816
1691465206770.40,0,39.49118874492,25.3221042916474,617.582417582417
1691465208721.54,0,40.6575182694585,24.5956969968623,613.186813186813
1691465210672.69,0,41.0948918411604,24.3339246119733,620.51282051282
1691465212623.83,0,40.6939660671003,24.5736677115987,619.780219780219
1691465214574.98,0,39.1267107685018,25.5579878900791,619.780219780219
1691465216526.12,0,40.1472491024729,24.9083068542896,613.186813186813
1691465218477.27,0,40.2201446977566,24.8631626642501,618.315018315018
1691465220428.41,0,40.2930402930402,24.8181818181818,617.582417582417
1691465222379.56,0,40.3659358883239,24.7733634311512,618.315018315018
1691465224330.70,0,40.0743535071893,24.9536152796725,619.047619047619
1691465226281.85,0,40.2201446977566,24.8631626642501,617.582417582417
1691465228232.99,0,39.7827711260547,25.1365093907466,618.315018315018
1691465230184.14,0,39.6005321378455,25.2521859180855,615.384615384615
1691465232135.28,0,39.8556667213383,25.0905349794238,616.849816849816
1691465234086.43,0,39.6734277331292,25.2057877813504,615.384615384615
1691465236037.57,0,39.3089497567109,25.4394993045897,616.849816849816
1691465237988.71,0,38.8351283873671,25.7498826841858,612.454212454212
1691465239939.86,0,39.49118874492,25.3221042916474,613.186813186813
1691465241891.00,0,39.0538151732181,25.605692953803,612.454212454212
1691465243842.15,0,38.1790680298142,26.1923627684964,613.919413919413
1691465245793.29,0,40.9491006505931,24.4205607476635,608.058608058608
1691465247744.44,0,39.8921145189801,25.0676107811786,619.780219780219
1691465249695.58,0,41.5687132105042,24.0565541429197,616.117216117216
1691465251646.73,0,41.7145044010715,23.9724770642201,622.710622710622
1691465253597.87,0,42.5528037468336,23.5002141327623,623.443223443223
1691465255549.02,0,42.5528037468336,23.5002141327623,623.443223443223
1691465257500.16,0,41.605161008146,24.035479632063,626.373626373626
1691465259451.31,0,41.0219962458768,24.3771657041315,621.245421245421
1691465261402.45,0,42.9901773185355,23.2611275964391,621.978021978022
1691465263353.60,0,42.3705647586244,23.6012903225806,627.106227106227
1691465265304.74,0,41.6416088057879,24.0144420131291,627.106227106227
1691465267255.89,0,41.0948918411604,24.3339246119733,621.978021978022
1691465269207.03,0,40.766861662384,24.5297273133661,621.245421245421
1691465271158.18,0,40.766861662384,24.5297273133661,621.245421245421
1691465273109.32,0,40.0743535071893,24.9536152796725,619.047619047619
1691465275060.47,0,39.1996063637854,25.510460251046,618.315018315018
1691465277011.61,0,38.9080239826508,25.7016393442622,611.721611721611
1691465278962.75,0,40.7304138647422,24.5516778523489,612.454212454212
1691465280913.90,0,40.5117270788912,24.6842105263157,619.047619047619
1691465282865.04,0,40.1836969001148,24.8857142857142,616.849816849816
1691465284816.19,0,39.9650101142638,25.0218878248974,618.315018315018
1691465286767.33,0,40.2201446977566,24.8631626642501,616.117216117216
1691465288718.48,0,42.2976691633408,23.6419646704006,616.117216117216
1691465290669.62,0,40.5117270788912,24.6842105263157,623.443223443223
1691465292620.77,0,41.4958176152205,24.098814229249,619.780219780219
1691465294571.91,0,40.8762050553095,24.4641105662059,621.245421245421
1691465296523.06,0,40.3294880906821,24.7957523723452,619.780219780219
1691465298474.20,0,40.0379057095474,24.9763313609467,617.582417582417
1691465300425.35,0,40.2565924953984,24.8406518786781,616.849816849816
1691465302376.49,0,40.1108013048311,24.9309404815992,618.315018315018
1691465304327.64,0,40.6939660671003,24.5736677115987,616.117216117216
1691465306278.78,0,41.7145044010715,23.9724770642201,620.51282051282
1691465308229.93,0,43.4275508902374,23.0268569030633,622.710622710622
1691465310181.07,0,44.0107156525066,22.7217391304347,630.76923076923
1691465312132.22,0,43.9742678548648,22.7405719021964,632.234432234432
1691465314083.36,0,43.8649244619393,22.7972579975072,633.699633699633
1691465316034.50,0,43.8649244619393,22.7972579975072,633.699633699633
1691465317985.65,0,44.2294024383576,22.6093943139678,632.234432234432
1691465319936.79,0,43.9742678548648,22.7405719021964,632.967032967032
1691465321887.94,0,43.3546552949537,23.0655737704918,632.967032967032
1691465323839.08,0,43.0266251161773,23.2414231257941,629.304029304029
1691465325790.23,0,43.1359685091028,23.1825095057034,629.304029304029
1691465327741.37,0,42.9172817232518,23.3006369426751,627.838827838827
1691465329692.52,0,42.6985949374009,23.4199743918053,628.571428571428
1691465331643.66,0,44.7032238077014,22.3697513249082,627.106227106227
1691465333594.81,0,42.4799081515499,23.5405405405405,636.630036630036
1691465335545.95,0,42.6256993421172,23.460025651988,625.641025641025
1691465337497.10,0,42.2976691633408,23.6419646704006,627.106227106227
1691465339448.24,0,41.9331911869225,23.8474576271186,624.908424908424
1691465341399.39,0,42.9537295208937,23.2808655070004,624.908424908424
1691465343350.53,0,42.662147139759,23.4399829132849,628.571428571428
1691465345301.68,0,42.3705647586244,23.6012903225806,627.106227106227
1691465347252.82,0,42.1883257704153,23.7032397408207,625.641025641025
1691465349203.97,0,41.9331911869225,23.8474576271186,624.908424908424
1691465351155.11,0,42.042534579848,23.7854356306892,624.175824175824
1691465353106.25,0,42.1518779727735,23.7237354085603,624.175824175824
1691465355057.40,0,42.9537295208937,23.2808655070004,624.908424908424
1691465357008.54,0,42.88083392561,23.3204419889502,627.838827838827
1691465358959.69,0,42.5528037468336,23.5002141327623,627.838827838827
1691465360910.83,0,43.5368942831629,22.9690246965257,625.641025641025
1691465362861.98,0,43.8284766642975,22.8162162162162,630.76923076923
1691465364813.12,0,43.0630729138191,23.2217520101565,630.76923076923
1691465366764.27,0,42.6985949374009,23.4199743918053,629.304029304029
1691465368715.41,0,41.5322654128624,24.0776656428258,625.641025641025
1691465370666.56,0,45.9060011298817,21.7836443032949,622.710622710622
1691465372617.70,0,48.8582727388697,20.4673629242819,639.560439560439
1691465374568.85,0,48.8582727388697,20.4673629242819,639.560439560439
1691465376519.99,0,51.4460663714395,19.4378320935175,659.340659340659
1691465378471.14,0,51.5918575620068,19.3829035676439,663.003663003663
1691465380422.28,0,51.8469921454996,19.2875219683655,662.271062271062
1691465382373.43,0,52.6488436936198,18.9937694704049,664.468864468864
1691465384324.57,0,52.175022324276,19.1662591687041,666.666666666666
1691465386275.72,0,52.0292311337087,19.2199649737303,665.934065934065
1691465388226.86,0,49.4049897034971,20.2408705274806,663.003663003663
1691465390178.01,0,51.1909317879467,19.5347098611605,655.677655677655
1691465392129.15,0,49.6236764893481,20.1516709511568,660.80586080586
1691465394080.29,0,50.0974978586918,19.9610767551837,656.410256410256
1691465396031.44,0,50.5713192280356,19.774054054054,655.677655677655
1691465397982.58,0,49.9152588704827,20.0339539978094,659.340659340659
1691465399933.73,0,47.5097042261221,21.04833141542,654.945054945055
1691465401884.87,0,50.279736846901,19.8887277999275,647.619047619047
1691465403836.02,0,49.5872286917063,20.1664829106945,657.142857142857
1691465405787.16,0,50.899349406812,19.6466165413533,655.677655677655
1691465407738.31,0,53.0497694676799,18.8502232909653,658.608058608058
1691465409689.45,0,48.7124815483024,20.5286195286195,670.32967032967
1691465411640.60,0,51.2273795855885,19.5208110992529,651.282051282051
1691465413591.74,0,50.3526324421846,19.8599348534202,662.271062271062
1691465415542.89,0,51.5189619667231,19.4103289706402,657.142857142857